{"IcoMoonType":"selection","icons":[{"icon":{"paths":["M782.857 562.693l-440.304 440.29c-28.009 28.022-73.42 28.022-101.415 0-27.997-27.997-27.997-73.406 0-101.401l389.601-389.589-389.589-389.576c-27.997-28.009-27.997-73.413 0-101.41 27.997-28.009 73.406-28.009 101.415 0l440.304 440.297c13.999 14.005 20.99 32.342 20.99 50.687 0 18.354-7.005 36.704-21.001 50.703z"],"attrs":[{}],"isMulticolor":false,"isMulticolor2":false,"grid":0,"tags":["arrow-point-to-right"]},"attrs":[{}],"properties":{"order":55,"id":0,"name":"arrow-point-to-right","prevSize":32,"code":59648},"setIdx":0,"setId":2,"iconIdx":0}],"height":1024,"metadata":{"name":"icomoon"},"preferences":{"showGlyphs":true,"showQuickUse":true,"showQuickUse2":true,"showSVGs":true,"fontPref":{"prefix":"i-","metadata":{"fontFamily":"icomoon","majorVersion":1,"minorVersion":0},"metrics":{"emSize":1024,"baseline":6.25,"whitespace":50},"embed":false,"showSelector":true},"imagePref":{"prefix":"i-","png":true,"useClassSelector":true,"color":0,"bgColor":16777215,"classSelector":".i","name":"icomoon","height":32,"columns":16,"margin":16},"historySize":50,"showCodes":true,"gridSize":16}}